Experiment,Class,Precision,Recall,F1,Support
without_clahe,Angry,0.5117813383600377,0.5668058455114823,0.537890044576523,958.0
without_clahe,Disgust,0.8633093525179856,0.27522935779816515,0.41739130434782606,436.0
without_clahe,Fear,0.48088064889918886,0.4052734375,0.43985161632220454,1024.0
without_clahe,Happy,0.8459399332591768,0.8573844419391207,0.8516237402015677,1774.0
without_clahe,Neutral,0.5769516728624535,0.6293592862935928,0.6020170674941815,1233.0
without_clahe,Sad,0.4908424908424908,0.53728949478749,0.5130168453292496,1247.0
without_clahe,Surprise,0.7221030042918455,0.8098676293622142,0.763471355643789,831.0
