,Angry,Disgust,Fear,Happy,Neutral,Sad,Surprise
Angry,0.5323590814196242,0.0020876826722338203,0.08977035490605428,0.038622129436325675,0.13465553235908143,0.1826722338204593,0.019832985386221295
Disgust,0.3922018348623853,0.1720183486238532,0.1720183486238532,0.045871559633027525,0.02981651376146789,0.16972477064220184,0.01834862385321101
Fear,0.1025390625,0.0,0.3681640625,0.03125,0.1240234375,0.2822265625,0.091796875
Happy,0.02649379932356257,0.0,0.009582863585118376,0.8562570462232244,0.0496054114994363,0.037767756482525366,0.020293122886133032
Neutral,0.043795620437956206,0.0016220600162206002,0.027575020275750203,0.0705596107055961,0.6520681265206812,0.19708029197080293,0.0072992700729927005
Sad,0.0946271050521251,0.0,0.06896551724137931,0.04971932638331997,0.1868484362469928,0.5821972734562951,0.01764234161988773
Surprise,0.02045728038507822,0.0,0.08543922984356198,0.05054151624548736,0.049338146811071,0.036101083032490974,0.7581227436823105
