Split,Decision_Source,Samples,Accuracy,Macro_F1
Evaluation,CNN,2369,0.6293794850147741,0.550142055176024
Evaluation,Angry_Disgust,50,0.6,0.22673796791443848
Evaluation,Fear_Sad_Neutral,852,0.4166666666666667,0.21030355941494863
Evaluation,Fear_Surprise,318,0.6163522012578616,0.1950164768456958
Evaluation,Sad_Neutral,0,0.0,0.0
