Split,Decision_Source,Samples,Accuracy,Macro_F1
Validation,CNN,2680,0.6850746268656717,0.6036687353060611
Validation,Angry_Disgust,75,0.6266666666666667,0.21672734627831716
Validation,Fear_Sad_Neutral,1202,0.5366056572379367,0.23609429026002027
Validation,Fear_Surprise,350,0.6457142857142857,0.23057359307359307
Validation,Sad_Neutral,0,0.0,0.0
