Split,Decision_Source,Samples,Accuracy,Macro_F1
Test,CNN,4617,0.6998050682261209,0.5938765512480456
Test,Angry_Disgust,80,0.5625,0.2922077922077922
Test,Fear_Sad_Neutral,2284,0.4921190893169877,0.2226631930719062
Test,Fear_Surprise,522,0.5727969348659003,0.18120998129347177
Test,Sad_Neutral,0,0.0,0.0
