,Angry,Disgust,Fear,Happy,Neutral,Sad,Surprise
Angry,0.534446764091858,0.11064718162839249,0.08663883089770355,0.024008350730688934,0.10438413361169102,0.11586638830897704,0.024008350730688934
Disgust,0.21100917431192662,0.4793577981651376,0.08486238532110092,0.02522935779816514,0.03211009174311927,0.1353211009174312,0.03211009174311927
Fear,0.095703125,0.05859375,0.453125,0.021484375,0.099609375,0.185546875,0.0859375
Happy,0.014656144306651634,0.024239007891770012,0.011837655016910935,0.8376550169109357,0.060879368658399095,0.02762119503945885,0.023111612175873732
Neutral,0.06001622060016221,0.012165450121654502,0.06163828061638281,0.0494728304947283,0.6472019464720195,0.1516626115166261,0.017842660178426603
Sad,0.10986367281475541,0.042502004811547714,0.09783480352846832,0.03769045709703288,0.17321571772253408,0.5308740978348035,0.00801924619085806
Surprise,0.02045728038507822,0.019253910950661854,0.0914560770156438,0.031287605294825514,0.02286401925391095,0.018050541516245487,0.7966305655836342
